id,title,date,thumbnail,views,likes,dislikes,comments
aV0BK3QCk0g,Freeze Frame Nerf Battle | Dude Perfect,2020-03-23T21:57,https://i.ytimg.com/vi/aV0BK3QCk0g/default.jpg,5803280,234637,3005,13740
dAxhAF9ZzbA,LIVE: The DP Quarantine Classic - Spikeball,2020-03-21T01:02,https://i.ytimg.com/vi/dAxhAF9ZzbA/default.jpg,3835500,92019,2036,4917
zMOFyCP7BDo,LIVE: The DP Quarantine Classic - 3 v 3 Soccer,2020-03-20T00:45,https://i.ytimg.com/vi/zMOFyCP7BDo/default.jpg,3616440,100095,2169,4762
mSGEApmi8zM,LIVE: The DP Quarantine Classic - Golf Shootout,2020-03-19T00:52,https://i.ytimg.com/vi/mSGEApmi8zM/default.jpg,3726905,91517,2003,3757
CATfjIHTQG4,LIVE: The DP Quarantine Classic - Roller Chair Hockey,2020-03-18T01:18,https://i.ytimg.com/vi/CATfjIHTQG4/default.jpg,4029907,107483,2390,4450
fRyBPsmqemU,LIVE: The DP Quarantine Classic - 3 Point Shootout,2020-03-17T00:36,https://i.ytimg.com/vi/fRyBPsmqemU/default.jpg,7339127,210488,5345,8146
xG61CapseLU,World's Best Candy | Overtime 14 | Dude Perfect,2020-03-09T21:55,https://i.ytimg.com/vi/xG61CapseLU/default.jpg,12117961,324036,11783,34118
v_BgzDHGav0,Airsoft Battle Royale 2 | Dude Perfect,2020-02-24T22:57,https://i.ytimg.com/vi/v_BgzDHGav0/default.jpg,15556467,590515,8881,27844
hfzSedylBog,Water Bottle Flip 3 | Dude Perfect,2020-02-10T23:03,https://i.ytimg.com/vi/hfzSedylBog/default.jpg,17777496,683873,12592,22460
4MMdJHYHoiA,Lightsaber Accident | Overtime 13 | Dude Perfect,2020-01-27T22:57,https://i.ytimg.com/vi/4MMdJHYHoiA/default.jpg,18945486,473016,15249,36479
gqdwyXC4Jwk,Bucket List: Aircraft Carrier,2020-01-13T22:59,https://i.ytimg.com/vi/gqdwyXC4Jwk/default.jpg,20751917,689781,12676,36443
ItMpKIxXwlw,Hockey Trick Shots | Dude Perfect,2019-12-30T22:56,https://i.ytimg.com/vi/ItMpKIxXwlw/default.jpg,11342410,385039,5568,17821
GSTyIwVqO6Q,YouTube Rewind 2019: Dude Perfect Edition | #YouTubeRewind,2019-12-16T23:00,https://i.ytimg.com/vi/GSTyIwVqO6Q/default.jpg,7781459,342369,5323,9265
XYX-IZa3rNs,All Sports Bowling Battle | Dude Perfect,2019-12-02T22:56,https://i.ytimg.com/vi/XYX-IZa3rNs/default.jpg,15193190,365320,7017,13465
Iw8qP0GdZ_0,Nerf Trick Shots | Dude Perfect,2019-11-18T22:58,https://i.ytimg.com/vi/Iw8qP0GdZ_0/default.jpg,19739290,599410,17626,15237
3C0btIJjrW8,Backyard Games Battle | Dude Perfect,2019-11-04T23:00,https://i.ytimg.com/vi/3C0btIJjrW8/default.jpg,22547293,532676,12649,14681
O5Sduwj9G98,We Broke The Budget | Overtime 12 | Dude Perfect,2019-10-28T22:00,https://i.ytimg.com/vi/O5Sduwj9G98/default.jpg,26025135,998298,31686,114591
4xGFo_lYUrs,Unexpected Trick Shots | Dude Perfect,2019-10-21T22:00,https://i.ytimg.com/vi/4xGFo_lYUrs/default.jpg,31394125,794451,16971,24422
bIDKhZ_4jLQ,All Sports Trick Shots | Dude Perfect,2019-10-07T21:57,https://i.ytimg.com/vi/bIDKhZ_4jLQ/default.jpg,18867332,531424,11975,24282
aDrVrz76z1A,Camping Stereotypes,2019-09-23T21:55,https://i.ytimg.com/vi/aDrVrz76z1A/default.jpg,26279999,527896,14581,29045
j7ZXF7jbXbY,Helicopter Battleship Battle | Dude Perfect,2019-09-09T21:56,https://i.ytimg.com/vi/j7ZXF7jbXbY/default.jpg,12260429,326462,10177,11539
j9I7jt4Y_-A,World's Weirdest Pillow | Overtime 11 | Dude Perfect,2019-08-26T22:00,https://i.ytimg.com/vi/j9I7jt4Y_-A/default.jpg,21944280,394090,13332,20467
Jvy7eXMxE9Y,Editor Edition 2 | Dude Perfect,2019-08-12T21:58,https://i.ytimg.com/vi/Jvy7eXMxE9Y/default.jpg,14111391,473971,19407,14286
2lrBphwQOrI,Bass Fishing Battle | Dude Perfect,2019-07-29T21:57,https://i.ytimg.com/vi/2lrBphwQOrI/default.jpg,27666263,504005,15352,17283
XMilHdBYZzA,RC Airplane Battle | Dude Perfect,2019-07-15T21:56,https://i.ytimg.com/vi/XMilHdBYZzA/default.jpg,31034852,644389,17876,23265
8qwjvDROE4E,World's Best Gaming Room | Overtime 10 | Dude Perfect,2019-07-01T21:57,https://i.ytimg.com/vi/8qwjvDROE4E/default.jpg,27293898,523214,16238,27936
q9bX7EkMvrA,Metal Detector Battle 2 | Dude Perfect,2019-06-17T21:59,https://i.ytimg.com/vi/q9bX7EkMvrA/default.jpg,35985611,587395,19585,25130
FjPvXMwTwQo,Plunger Trick Shots | Dude Perfect,2019-06-03T21:57,https://i.ytimg.com/vi/FjPvXMwTwQo/default.jpg,36117433,772259,29901,36176
FPg89qonG0E,Laying in a Box of Snakes | Overtime 9 | Dude Perfect,2019-05-20T21:56,https://i.ytimg.com/vi/FPg89qonG0E/default.jpg,25792799,418511,16349,28259
2t3GnbhbVCc,Ping Pong Trick Shots 5 | Dude Perfect,2019-05-06T21:55,https://i.ytimg.com/vi/2t3GnbhbVCc/default.jpg,46576049,1115952,23037,24848
dwV04XuiWq4,All Sports Baseball Battle | Dude Perfect,2019-04-22T21:58,https://i.ytimg.com/vi/dwV04XuiWq4/default.jpg,37629688,569453,17236,19935
_YTWwTo6xcY,Nerf Fortnite Blasters Battle | Dude Perfect,2019-04-08T21:56,https://i.ytimg.com/vi/_YTWwTo6xcY/default.jpg,31298334,567059,18953,23000
uUio9YoGhxo,Real Life Trick Shots Bloopers | Overtime 8 | Dude Perfect,2019-03-25T21:58,https://i.ytimg.com/vi/uUio9YoGhxo/default.jpg,34482998,509730,16799,33180
OxoOSohmaag,Airplane Trick Shots 2 | Dude Perfect,2019-03-11T21:58,https://i.ytimg.com/vi/OxoOSohmaag/default.jpg,46510502,984571,29121,32438
qlzVPauUgw8,Real Life Trick Shots 3 | Dude Perfect,2019-02-25T22:57,https://i.ytimg.com/vi/qlzVPauUgw8/default.jpg,81137395,1707234,28044,44170
rT9PI5q2Etc,Dude Shaves Eyebrows | Overtime 7 | Dude Perfect,2019-02-11T22:55,https://i.ytimg.com/vi/rT9PI5q2Etc/default.jpg,27133315,389596,15738,31505
VOzA2V4HbJA,Super Bowl Stadium Trick Shots | Dude Perfect,2019-01-28T22:58,https://i.ytimg.com/vi/VOzA2V4HbJA/default.jpg,19698942,459516,9603,19622
uPCi5Rs7EuA,Model Rocket Battle 2 | Dude Perfect,2019-01-14T22:58,https://i.ytimg.com/vi/uPCi5Rs7EuA/default.jpg,76274865,1170804,38294,40464
DXcuvtbotYQ,Dude Perfect Rewind 2018,2018-12-31T22:56,https://i.ytimg.com/vi/DXcuvtbotYQ/default.jpg,14324685,394611,7291,18363
7y-hKLfeurY,Skiing Stereotypes | Dude Perfect,2018-12-17T22:56,https://i.ytimg.com/vi/7y-hKLfeurY/default.jpg,36270978,554324,15160,32172
i25i6vyjIpg,World Record Exercise Ball Surfing | Overtime 6 | Dude Perfect,2018-12-03T22:54,https://i.ytimg.com/vi/i25i6vyjIpg/default.jpg,41380277,560103,23343,27945
rQWb_oYS1tg,Airsoft Battle Royale | Dude Perfect,2018-11-19T22:55,https://i.ytimg.com/vi/rQWb_oYS1tg/default.jpg,60913685,1175454,26164,55336
5LZ_G8jRGHg,Dunk Tank FIFA | Dude Perfect,2018-11-05T22:57,https://i.ytimg.com/vi/5LZ_G8jRGHg/default.jpg,27712531,420885,14183,20386
JHiLEkV8l_8,Grocery Store Stereotypes,2018-10-22T21:56,https://i.ytimg.com/vi/JHiLEkV8l_8/default.jpg,64182490,745661,27823,60371
-qATVnpaHTo,World's Strongest Laser | Overtime 5 | Dude Perfect,2018-10-08T21:55,https://i.ytimg.com/vi/-qATVnpaHTo/default.jpg,53379029,648102,28046,41039
4RkZAfD-HeM,Archery Trick Shots 2 | Dude Perfect,2018-09-24T21:55,https://i.ytimg.com/vi/4RkZAfD-HeM/default.jpg,23571562,512926,9912,31987
6bH9Qb_feRY,High Speed Sports Battle | Dude Perfect,2018-09-10T22:01,https://i.ytimg.com/vi/6bH9Qb_feRY/default.jpg,27618041,914453,19913,26351
wSB9JvsBT4M,Bowling Trick Shots 2 | Dude Perfect,2018-08-27T21:55,https://i.ytimg.com/vi/wSB9JvsBT4M/default.jpg,51429625,759630,18769,28297
muzeGsrYpnQ,Nerf Blasters Floating Island Battle | Dude Perfect,2018-08-13T21:53,https://i.ytimg.com/vi/muzeGsrYpnQ/default.jpg,54049761,784401,28784,35464
No8-mBek3rs,All Sports Golf Battle 3 | Dude Perfect,2018-08-06T21:57,https://i.ytimg.com/vi/No8-mBek3rs/default.jpg,50625943,572390,15579,29295
6re9XAwo4b4,Dirt Bike Battle | Dude Perfect,2018-07-30T21:55,https://i.ytimg.com/vi/6re9XAwo4b4/default.jpg,51555003,725574,21679,26275
RohJfM-VFS0,The Net Gun | Overtime 4 | Dude Perfect,2018-07-16T21:55,https://i.ytimg.com/vi/RohJfM-VFS0/default.jpg,54353305,587481,20308,53081
DkW87-Z9FAY,Ping Pong Trick Shots 4 | Dude Perfect,2018-07-02T21:57,https://i.ytimg.com/vi/DkW87-Z9FAY/default.jpg,133716600,3937194,81944,60348
QU1byle-nmA,Go Kart Soccer Battle | Dude Perfect,2018-06-18T21:56,https://i.ytimg.com/vi/QU1byle-nmA/default.jpg,32958721,508124,13309,41905
v-dfygYIfLs,Old School Trick Shots | Dude Perfect,2018-06-04T21:55,https://i.ytimg.com/vi/v-dfygYIfLs/default.jpg,46762030,807897,19116,52019
9m9oO84Q2fk,Giant Darts Battle | Dude Perfect,2018-05-21T21:55,https://i.ytimg.com/vi/9m9oO84Q2fk/default.jpg,50373757,681442,21381,34245
FepIkIILumA,Fortnite with Ninja | Overtime 3 | Dude Perfect,2018-05-07T21:55,https://i.ytimg.com/vi/FepIkIILumA/default.jpg,49422192,747441,31788,44258
Hk5dxn5dj2M,Deep Sea Fishing Battle | Dude Perfect,2018-04-23T21:57,https://i.ytimg.com/vi/Hk5dxn5dj2M/default.jpg,72302500,835894,38106,46103
hYirFqEc8Tg,Crossbow Trick Shots | Dude Perfect,2018-04-09T21:55,https://i.ytimg.com/vi/hYirFqEc8Tg/default.jpg,31642456,564074,13329,28971
S9KxqRUcnCU,Boomerang Trick Shots | Dude Perfect,2018-03-26T22:01,https://i.ytimg.com/vi/S9KxqRUcnCU/default.jpg,82108674,1851231,39343,45652
Wh1L0rOaa88,March Madness Stereotypes,2018-03-13T00:45,https://i.ytimg.com/vi/Wh1L0rOaa88/default.jpg,52534144,505198,17391,29341
MuPL-PSMX0Q,World's Longest LEGO Walk | Overtime 2 | Dude Perfect,2018-03-05T22:54,https://i.ytimg.com/vi/MuPL-PSMX0Q/default.jpg,49378403,709823,30843,50024
qZHycHI3F1Q,Football vs Soccer Trick Shots | Dude Perfect,2018-02-19T22:56,https://i.ytimg.com/vi/qZHycHI3F1Q/default.jpg,80181530,1308140,28581,97785
WpqUOW19aJQ,Model Rocket Battle | Dude Perfect,2018-02-05T22:58,https://i.ytimg.com/vi/WpqUOW19aJQ/default.jpg,68881830,949168,20022,60529
VRJmcxCrAOA,Real Life Trick Shots 2 | Dude Perfect,2018-01-22T22:55,https://i.ytimg.com/vi/VRJmcxCrAOA/default.jpg,249958376,3831442,110701,126406
g1QONg2b2JQ,Crush a Diamond with a Hammer? | Dude Perfect,2018-01-08T22:59,https://i.ytimg.com/vi/g1QONg2b2JQ/default.jpg,52600801,878091,25081,102954
9oyKePWRi8Y,Dude Perfect Rewind 2017,2017-12-26T22:55,https://i.ytimg.com/vi/9oyKePWRi8Y/default.jpg,18839097,479941,5815,20146
ycVc1jsaAA0,Christmas Stereotypes,2017-12-11T22:57,https://i.ytimg.com/vi/ycVc1jsaAA0/default.jpg,78468429,868371,24616,68383
-RmUADCWI4A,All Sports Golf Battle 2 | Dude Perfect,2017-12-04T22:57,https://i.ytimg.com/vi/-RmUADCWI4A/default.jpg,79723979,696678,23279,42836
VJwoSfTOhyM,Water Bottle Flip 2 | Dude Perfect,2017-11-20T23:00,https://i.ytimg.com/vi/VJwoSfTOhyM/default.jpg,276400626,2049313,102050,72911
cqylLiMzk54,Freeze Frame Football Battle | Dude Perfect,2017-11-07T22:55,https://i.ytimg.com/vi/cqylLiMzk54/default.jpg,85997897,960538,31793,31583
ygtvRzTLPNo,Baseball Trick Shots | Dude Perfect,2017-10-23T21:57,https://i.ytimg.com/vi/ygtvRzTLPNo/default.jpg,30941102,469207,9199,26169
sOCQipbEqNg,Glow In The Dark Trick Shots | Dude Perfect,2017-10-16T21:55,https://i.ytimg.com/vi/sOCQipbEqNg/default.jpg,25866010,514619,12803,26576
RdNqmKrRmbU,Build A Boat Battle | Dude Perfect,2017-10-09T21:53,https://i.ytimg.com/vi/RdNqmKrRmbU/default.jpg,66214884,785532,18288,65011
XM23h-eJ08A,Soccer Trick Shots 2 | Dude Perfect,2017-09-25T21:55,https://i.ytimg.com/vi/XM23h-eJ08A/default.jpg,37409850,623723,13689,58034
LcZ2AuvxXNA,Nerf Bow Trick Shots | Dude Perfect,2017-09-11T21:55,https://i.ytimg.com/vi/LcZ2AuvxXNA/default.jpg,58585192,829455,26596,29127
8IQbF0IK-f4,Airplane Trick Shots | Dude Perfect,2017-08-28T21:56,https://i.ytimg.com/vi/8IQbF0IK-f4/default.jpg,169539571,4336728,94161,75064
gA8Gru79DcE,Blitzball Trick Shots 3 | Dude Perfect,2017-08-14T21:52,https://i.ytimg.com/vi/gA8Gru79DcE/default.jpg,61951684,836470,20529,38695
6uhN97Cpz6I,Nerf Slip and Slide Battle | Dude Perfect,2017-07-31T21:55,https://i.ytimg.com/vi/6uhN97Cpz6I/default.jpg,44930977,1231406,15563,26335
TvNTcB6c-V8,Card Throwing Trick Shots | Dude Perfect,2017-07-17T21:55,https://i.ytimg.com/vi/TvNTcB6c-V8/default.jpg,137741704,2557338,55422,67868
ggR_SPwP6cw,Beach Stereotypes | Dude Perfect,2017-07-03T21:53,https://i.ytimg.com/vi/ggR_SPwP6cw/default.jpg,148112705,1384627,57942,56213
3J6o7hcm8bE,Fidget Spinner Trick Shots | Dude Perfect,2017-06-19T22:00,https://i.ytimg.com/vi/3J6o7hcm8bE/default.jpg,143990165,1886914,92453,90590
tsEoLVBk_Ts,Drew Brees Edition | Dude Perfect,2017-06-05T21:56,https://i.ytimg.com/vi/tsEoLVBk_Ts/default.jpg,25252188,442352,7923,40258
A2FsgKoGD04,Real Life Trick Shots | Dude Perfect,2017-05-25T21:58,https://i.ytimg.com/vi/A2FsgKoGD04/default.jpg,192743425,2557381,61403,90345
5_d-ON4ktkc,Giant Basketball Trick Shots | Dude Perfect,2017-05-15T21:55,https://i.ytimg.com/vi/5_d-ON4ktkc/default.jpg,27708619,465846,9922,38935
HKuCPqUpp4s,Stunt Driving Battle | Dude Perfect,2017-05-01T21:55,https://i.ytimg.com/vi/HKuCPqUpp4s/default.jpg,52739737,1584163,20643,36851
th2T6rygqNU,Giant Sumo Battle | Dude Perfect,2017-04-17T22:16,https://i.ytimg.com/vi/th2T6rygqNU/default.jpg,76104309,1551089,25522,114439
UeG1ftTmLAg,Ping Pong Trick Shots 3 | Dude Perfect,2017-04-03T21:57,https://i.ytimg.com/vi/UeG1ftTmLAg/default.jpg,259861150,5666184,150664,631028
nhL3vSVlvFo,Dude Perfect vs. Power Rangers,2017-03-20T21:55,https://i.ytimg.com/vi/nhL3vSVlvFo/default.jpg,39822737,431572,10863,19457
evXDnRpgolc,Virtual Reality Battle | Dude Perfect,2017-03-06T22:54,https://i.ytimg.com/vi/evXDnRpgolc/default.jpg,40433965,426811,11099,16909
ofyyJWHnEPM,Pool Trick Shots 2 |  Dude Perfect,2017-02-20T22:57,https://i.ytimg.com/vi/ofyyJWHnEPM/default.jpg,69598809,961618,20339,51375
SOk-KVq-O1I,World Record Edition 2 | Dude Perfect,2017-02-06T23:02,https://i.ytimg.com/vi/SOk-KVq-O1I/default.jpg,35145183,475684,9758,28323
QWV3cEI-zoE,Epic Trick Shot Battle 3 | Dude Perfect,2017-01-30T22:54,https://i.ytimg.com/vi/QWV3cEI-zoE/default.jpg,53348835,621843,12337,23703
kxgB2-ZpZeY,Dude Perfect Rewind 2016,2017-01-02T22:55,https://i.ytimg.com/vi/kxgB2-ZpZeY/default.jpg,11845952,287628,2949,20261
xPxbrHMHgNE,Editor Edition | Dude Perfect,2016-12-19T23:05,https://i.ytimg.com/vi/xPxbrHMHgNE/default.jpg,26683655,623418,11016,22628
YwabP6B_UkE,Extreme Weather Golf Battle | Dude Perfect,2016-12-05T23:01,https://i.ytimg.com/vi/YwabP6B_UkE/default.jpg,36392053,352652,9459,30118
8YydogFXCPM,Flip Edition | Dude Perfect,2016-11-21T22:57,https://i.ytimg.com/vi/8YydogFXCPM/default.jpg,149253994,1729530,50856,92555
LAbXD3sx3fc,Drone Hunting Battle | Dude Perfect,2016-11-07T22:55,https://i.ytimg.com/vi/LAbXD3sx3fc/default.jpg,61008767,594787,17974,33221
779akDPBNYc,DPHQ2 Trick Shots | Dude Perfect,2016-10-31T20:35,https://i.ytimg.com/vi/779akDPBNYc/default.jpg,49591146,634008,10269,164066
rdfC6XwXTW0,Giant Warship Battle | Dude Perfect,2016-10-17T22:03,https://i.ytimg.com/vi/rdfC6XwXTW0/default.jpg,90931774,789497,22624,33446
09Z9tbJLkCE,Metal Detector Battle | Dude Perfect,2016-10-10T22:22,https://i.ytimg.com/vi/09Z9tbJLkCE/default.jpg,55452343,501752,13464,24614
gpe4kNlRcmE,Trampoline Charades Battle | Dude Perfect,2016-09-26T21:55,https://i.ytimg.com/vi/gpe4kNlRcmE/default.jpg,33292908,330913,10334,34884
4o1PTcoZbKQ,Giant Nerf Trick Shots | Dude Perfect,2016-09-12T21:56,https://i.ytimg.com/vi/4o1PTcoZbKQ/default.jpg,69226539,760130,24561,169262
dFLj3DeKT-E,Shotgun Trick Shots | Dude Perfect,2016-08-29T21:56,https://i.ytimg.com/vi/dFLj3DeKT-E/default.jpg,42189216,685687,14851,42977
CAUO3YGvqnU,Endless Ducker Battle | Dude Perfect,2016-08-15T20:59,https://i.ytimg.com/vi/CAUO3YGvqnU/default.jpg,28354394,234643,7776,35966
jC9l0_NClrY,DP vs NFL Battle | Dude Perfect,2016-08-01T21:56,https://i.ytimg.com/vi/jC9l0_NClrY/default.jpg,33245196,290852,7999,13271
P8V_bx0L4RY,Water Bottle Flip Edition | Dude Perfect,2016-07-18T21:56,https://i.ytimg.com/vi/P8V_bx0L4RY/default.jpg,111076731,1561670,42274,103747
Gq59egL20dg,Blitzball Trick Shots 2 | Dude Perfect,2016-07-04T20:56,https://i.ytimg.com/vi/Gq59egL20dg/default.jpg,36231455,374070,7220,19583
xmEI_HZS64U,Drone Racing Battle | Dude Perfect,2016-06-06T21:59,https://i.ytimg.com/vi/xmEI_HZS64U/default.jpg,21717293,239054,4598,23867
dzA8_7X9uLQ,Tennis Trick Shots ft. Serena Williams | Dude Perfect,2016-05-23T21:59,https://i.ytimg.com/vi/dzA8_7X9uLQ/default.jpg,32425102,438480,11036,85070
gm2_6DX_0Bw,World Record Edition | Dude Perfect,2016-05-16T21:58,https://i.ytimg.com/vi/gm2_6DX_0Bw/default.jpg,112235794,1669425,42442,84085
t3P1p6vF_CY,Lawnmower Racing Battle | Dude Perfect,2016-05-02T22:00,https://i.ytimg.com/vi/t3P1p6vF_CY/default.jpg,33901955,293170,7355,26013
t8I_GRa_h-o,Giant Pictionary Battle | Dude Perfect,2016-04-18T21:59,https://i.ytimg.com/vi/t8I_GRa_h-o/default.jpg,42234296,333453,9753,134054
nZbFkgGtdhw,Golf Trick Shots | Dude Perfect,2016-04-04T21:55,https://i.ytimg.com/vi/nZbFkgGtdhw/default.jpg,24521977,237820,4584,14857
UnTPrYdGdkg,Softball Stereotypes,2016-03-21T22:26,https://i.ytimg.com/vi/UnTPrYdGdkg/default.jpg,64269509,461248,11116,37897
oKbUSJr1A64,Giant Nerf Edition | Dude Perfect,2016-03-07T22:54,https://i.ytimg.com/vi/oKbUSJr1A64/default.jpg,71851356,651695,21889,34747
IJq4vWADtfs,Bass Pro Edition | Dude Perfect,2016-02-22T22:56,https://i.ytimg.com/vi/IJq4vWADtfs/default.jpg,33165129,299895,5934,21731
QuncAUHpl-8,Giant Basketball Arcade Battle | Dude Perfect,2016-02-08T23:00,https://i.ytimg.com/vi/QuncAUHpl-8/default.jpg,79375390,561996,18546,36986
cZ85wy9fZO0,Mountain Top Snow Battle | Dude Perfect,2016-02-01T23:00,https://i.ytimg.com/vi/cZ85wy9fZO0/default.jpg,30559669,296894,5132,30950
L4aBqvbP_MM,Soccer Trick Shots | Dude Perfect,2016-01-18T20:55,https://i.ytimg.com/vi/L4aBqvbP_MM/default.jpg,84523885,798504,24402,41460
XTDR_4VXbBI,Make-A-Wish Edition | Dude Perfect,2016-01-04T22:57,https://i.ytimg.com/vi/XTDR_4VXbBI/default.jpg,28776677,521938,9014,42626
gfM0_ngx0zU,Chris Paul & Aaron Rodgers Edition | Dude Perfect,2015-12-22T00:32,https://i.ytimg.com/vi/gfM0_ngx0zU/default.jpg,23745751,236837,3739,14420
4QfyFqwan4o,Archery Kart Battle ft. Luke Bryan | Dude Perfect,2015-12-14T22:55,https://i.ytimg.com/vi/4QfyFqwan4o/default.jpg,32468275,275666,4889,17059
ym9E1YG3_QQ,RC Edition | Dude Perfect,2015-12-07T22:30,https://i.ytimg.com/vi/ym9E1YG3_QQ/default.jpg,118421339,985260,44247,27799
1BjgBoummtE,Snow Sports Battle | Dude Perfect,2015-11-23T22:55,https://i.ytimg.com/vi/1BjgBoummtE/default.jpg,32313835,250977,5400,17567
0HefV4XQFcc,Blitzball Trick Shots | Dude Perfect,2015-10-29T21:55,https://i.ytimg.com/vi/0HefV4XQFcc/default.jpg,26782656,214445,4817,11383
dlOPwVsI-O4,Bubble Gum Blowing Battle | Dude Perfect,2015-10-19T21:59,https://i.ytimg.com/vi/dlOPwVsI-O4/default.jpg,75819242,500805,16203,28041
M9gFRXw5-kI,Hunting Stereotypes,2015-10-05T21:57,https://i.ytimg.com/vi/M9gFRXw5-kI/default.jpg,78212670,520659,22483,24669
UpMLVDma-4Q,Slip and Slide Football Battle | Dude Perfect,2015-09-28T21:55,https://i.ytimg.com/vi/UpMLVDma-4Q/default.jpg,59047316,442391,12210,42505
KetL43-xE8o,Tailgating Trick Shots | Dude Perfect,2015-09-07T21:55,https://i.ytimg.com/vi/KetL43-xE8o/default.jpg,18598029,161660,2911,8250
jgnVsuKY3oM,Plastic Golf Club Battle | Dude Perfect,2015-08-24T21:56,https://i.ytimg.com/vi/jgnVsuKY3oM/default.jpg,69337497,388443,13817,22864
Vzv40VWL5ho,Driving Stereotypes ft. Dale Jr,2015-08-17T21:54,https://i.ytimg.com/vi/Vzv40VWL5ho/default.jpg,101360055,624871,20950,34713
DJFK43xpEZk,Nerf Blasters Battle | Dude Perfect,2015-08-10T21:59,https://i.ytimg.com/vi/DJFK43xpEZk/default.jpg,65831206,462135,12651,22574
ZTkHLduj_FU,Paintball Trick Shots | Dude Perfect,2015-07-27T21:55,https://i.ytimg.com/vi/ZTkHLduj_FU/default.jpg,22517227,203327,5122,9445
QOEEvvq808A,RC Battle | Dude Perfect,2015-07-20T21:55,https://i.ytimg.com/vi/QOEEvvq808A/default.jpg,61381674,445583,12328,13103
Cy0thWiV-eA,Dizzy Sports Battle 2 | Dude Perfect,2015-07-08T21:54,https://i.ytimg.com/vi/Cy0thWiV-eA/default.jpg,42007868,310651,6678,19838
FDEZalVUJRc,Lacrosse Trick Shots | Dude Perfect,2015-06-29T22:05,https://i.ytimg.com/vi/FDEZalVUJRc/default.jpg,28890395,224336,5603,13718
_lyAEL4Wqao,All Sports Golf Battle | Dude Perfect,2015-06-08T21:55,https://i.ytimg.com/vi/_lyAEL4Wqao/default.jpg,80957373,428855,13753,17813
Gql1yOgfcsk,iPhone Game Battle | Dude Perfect 2,2015-06-04T23:31,https://i.ytimg.com/vi/Gql1yOgfcsk/default.jpg,42380073,286293,9816,11666
ZKBz3iGP124,Exploding Action Figures | Dude Perfect,2015-05-25T21:55,https://i.ytimg.com/vi/ZKBz3iGP124/default.jpg,10115530,108956,7745,6098
ifuE2uIt0T4,Dizzy Sports Battle | Dude Perfect,2015-05-04T21:55,https://i.ytimg.com/vi/ifuE2uIt0T4/default.jpg,43793789,300411,7337,22273
A5340xbbQJU,Epic Trick Shot Edition | Dude Perfect,2015-04-20T22:00,https://i.ytimg.com/vi/A5340xbbQJU/default.jpg,19048640,178265,3333,10046
TziuG5LtEWY,XPOGO Edition | Dude Perfect,2015-04-06T22:00,https://i.ytimg.com/vi/TziuG5LtEWY/default.jpg,53035236,441450,10017,14159
_GgfLZFj6kM,Backwards Edition | Dude Perfect,2015-03-23T22:03,https://i.ytimg.com/vi/_GgfLZFj6kM/default.jpg,76508963,697580,16936,27962
bMvoNCg6vSY,Shark Fishing Battle | Dude Perfect,2015-03-16T21:55,https://i.ytimg.com/vi/bMvoNCg6vSY/default.jpg,67870583,494635,34094,33975
MVuOwzFGaj8,Long Drive Trick Shots | Dude Perfect,2015-03-02T22:55,https://i.ytimg.com/vi/MVuOwzFGaj8/default.jpg,31410503,207419,5548,9598
UtsfUAHkyWQ,Ping Pong Trick Shots 2 | Dude Perfect,2015-02-16T23:00,https://i.ytimg.com/vi/UtsfUAHkyWQ/default.jpg,199364882,1990927,64914,72067
EvCCwnLGtLY,Odell Beckham Jr. Edition | Dude Perfect,2015-02-02T22:06,https://i.ytimg.com/vi/EvCCwnLGtLY/default.jpg,31391945,248847,3258,31449
LoaEy7CCC1E,Bubble Wrap Battle | Dude Perfect,2015-01-26T22:55,https://i.ytimg.com/vi/LoaEy7CCC1E/default.jpg,92315553,758939,18229,27691
0iLUynhPMOE,Dad Edition | Dude Perfect,2015-01-22T22:55,https://i.ytimg.com/vi/0iLUynhPMOE/default.jpg,45301878,395318,6972,58882
jLk-s2t9Z9Q,Super Bowl Party Stereotypes,2015-01-19T22:55,https://i.ytimg.com/vi/jLk-s2t9Z9Q/default.jpg,61457295,394421,8812,21554
IlQnGkfskrQ,Pool Trick Shots | Dude Perfect,2014-12-22T23:01,https://i.ytimg.com/vi/IlQnGkfskrQ/default.jpg,75215734,573871,12386,48737
WwpD-daFx8U,Seattle Seahawks Edition ft. Russell Wilson | Dude Perfect,2014-11-24T22:54,https://i.ytimg.com/vi/WwpD-daFx8U/default.jpg,24983158,184522,4100,22018
eCtb_ylVDvU,Archery Trick Shots | Dude Perfect,2014-11-10T22:55,https://i.ytimg.com/vi/eCtb_ylVDvU/default.jpg,52515178,513814,13223,55834
geK1ZWHG0Pg,Glow In The Dark Edition | Dude Perfect,2014-10-27T21:48,https://i.ytimg.com/vi/geK1ZWHG0Pg/default.jpg,24146210,248757,4247,14439
efPGsYK6ayI,Dallas Stars Edition | Dude Perfect,2014-10-13T21:54,https://i.ytimg.com/vi/efPGsYK6ayI/default.jpg,17606988,124326,2173,7048
PfuzjAXfeio,Exploding Basketball Pyramid | Dude Perfect,2014-09-29T21:55,https://i.ytimg.com/vi/PfuzjAXfeio/default.jpg,12001646,82572,3674,10792
k9OGeF5i54E,Nerf Blasters: Lake House Edition | Dude Perfect,2014-09-15T21:54,https://i.ytimg.com/vi/k9OGeF5i54E/default.jpg,29211795,186942,3907,14770
tOHARIf3gpw,Restaurant Stereotypes,2014-09-01T21:56,https://i.ytimg.com/vi/tOHARIf3gpw/default.jpg,69376164,412676,10061,37143
uKJzojYBeiY,Gillette Stadium Trick Shots | Dude Perfect,2014-08-18T21:58,https://i.ytimg.com/vi/uKJzojYBeiY/default.jpg,25121100,140345,3052,33794
sOpuSRj7IN4,Desert Drifting Baseball Edition | Dude Perfect,2014-07-28T21:56,https://i.ytimg.com/vi/sOpuSRj7IN4/default.jpg,9049297,90675,1463,6502
ZCdMO8bukPA,Old Office Edition | Dude Perfect,2014-07-07T22:01,https://i.ytimg.com/vi/ZCdMO8bukPA/default.jpg,34865227,240301,4545,20411
P-EzMyJKALA,World Cup Edition | Dude Perfect,2014-06-30T22:09,https://i.ytimg.com/vi/P-EzMyJKALA/default.jpg,57428663,434565,8938,50578
82thN03rneQ,Red Cards in Rio Prank | Dude Perfect,2014-06-23T21:46,https://i.ytimg.com/vi/82thN03rneQ/default.jpg,19487209,163597,3127,17831
DU3GSbIzwm8,Exploding Flour | Dude Perfect,2014-06-16T20:04,https://i.ytimg.com/vi/DU3GSbIzwm8/default.jpg,5694112,40666,1554,2370
CACAmH4r1fw,Bowling Trick Shots | Dude Perfect,2014-06-02T21:58,https://i.ytimg.com/vi/CACAmH4r1fw/default.jpg,95125233,632788,16584,45351
_7dleGL2DzI,Tim McGraw Trick Shots | Dude Perfect,2014-05-19T21:56,https://i.ytimg.com/vi/_7dleGL2DzI/default.jpg,7096968,48898,853,11022
e1CEdPAnj44,Movie Theater Stereotypes,2014-05-12T22:17,https://i.ytimg.com/vi/e1CEdPAnj44/default.jpg,103214683,580824,16974,42883
9AaZljojrYc,NFL Draft Training | Dude Perfect,2014-04-28T21:57,https://i.ytimg.com/vi/9AaZljojrYc/default.jpg,25355669,135162,3704,24478
RQhGTZStSAw,World's Longest Dunk Tank Throw | Dude Perfect,2014-04-14T22:05,https://i.ytimg.com/vi/RQhGTZStSAw/default.jpg,16942104,102055,3073,4833
rhMfYKzaY4U,Exploding Eggs | Dude Perfect,2014-03-17T21:59,https://i.ytimg.com/vi/rhMfYKzaY4U/default.jpg,13562713,89880,5095,39516
Kkt9Uz8Ol7M,Nerf Sports Edition | Dude Perfect,2014-03-03T23:01,https://i.ytimg.com/vi/Kkt9Uz8Ol7M/default.jpg,25911168,123491,5198,7386
3nRZhGP5apQ,Ping Pong Trick Shots | Dude Perfect,2014-02-17T23:00,https://i.ytimg.com/vi/3nRZhGP5apQ/default.jpg,70935125,462132,13927,94255
6Q7kljjRE6U,Winter Olympics Edition | Dude Perfect,2014-02-07T02:23,https://i.ytimg.com/vi/6Q7kljjRE6U/default.jpg,22021707,163331,3365,10229
ZgvuBIdW5GU,Slam Dunk Edition | Dude Perfect,2014-01-28T00:00,https://i.ytimg.com/vi/ZgvuBIdW5GU/default.jpg,26019062,162626,5073,15020
e38p63Md5LA,Fantasy Factory Edition | Dude Perfect,2014-01-21T00:46,https://i.ytimg.com/vi/e38p63Md5LA/default.jpg,10801237,67139,1314,4467
nU4EJfX2aXE,Gym Stereotypes,2014-01-06T23:57,https://i.ytimg.com/vi/nU4EJfX2aXE/default.jpg,106488262,676676,19859,62733
9D0XuUC5bMs,500 Foot Moving Goal Shot from Reunion Tower,2013-12-31T01:12,https://i.ytimg.com/vi/9D0XuUC5bMs/default.jpg,3778324,42509,783,5377
46BjHAxgddU,Kayaking Down an Escalator,2013-12-02T14:56,https://i.ytimg.com/vi/46BjHAxgddU/default.jpg,33183465,203297,4941,14803
qaJUEuP6QlI,Madden Stereotypes,2013-11-18T15:00,https://i.ytimg.com/vi/qaJUEuP6QlI/default.jpg,53898541,274586,6646,43827
s_a7AZbJGNM,Fishing Stereotypes,2013-10-28T14:02,https://i.ytimg.com/vi/s_a7AZbJGNM/default.jpg,83407372,407801,14213,22839
wR0mnlqlOR0,Trick Shots and Cats,2013-10-21T14:00,https://i.ytimg.com/vi/wR0mnlqlOR0/default.jpg,15885245,100601,4086,41413
_8yZsa6wFEw,Extreme Trick Shots | Dude Perfect,2013-10-14T14:00,https://i.ytimg.com/vi/_8yZsa6wFEw/default.jpg,22097399,136083,2751,10570
Y_NmwtttzA8,Fantasy Football Stereotypes,2013-09-23T14:03,https://i.ytimg.com/vi/Y_NmwtttzA8/default.jpg,50317578,242466,6855,25535
SQRduwgFMGo,Nerf Sports Trick Shots | Dude Perfect,2013-09-09T14:02,https://i.ytimg.com/vi/SQRduwgFMGo/default.jpg,16265780,70909,2311,3768
3PNsMXe170Q,Golf Stereotypes,2013-09-02T12:57,https://i.ytimg.com/vi/3PNsMXe170Q/default.jpg,61199189,278020,8141,27663
0gWxHFMog9w,Pickup Basketball Stereotypes,2013-08-19T13:00,https://i.ytimg.com/vi/0gWxHFMog9w/default.jpg,104067703,618330,17706,67464
f9jhWFKV3u0,Nerf Blasters Edition | Dude Perfect,2013-08-05T13:26,https://i.ytimg.com/vi/f9jhWFKV3u0/default.jpg,109142825,608927,26311,40938
SUMLKFMGWI4,Go Kart Battle | Dude Perfect,2013-07-15T14:45,https://i.ytimg.com/vi/SUMLKFMGWI4/default.jpg,25734101,161371,4000,66702
WQ_tHqMVRzw,NFL Kicking Edition | Dude Perfect,2013-07-01T14:02,https://i.ytimg.com/vi/WQ_tHqMVRzw/default.jpg,36440698,183938,5775,10400
WM0XViFp1M0,STUNT DRIVING EDITION | Dude Perfect,2013-06-17T14:01,https://i.ytimg.com/vi/WM0XViFp1M0/default.jpg,23562945,159592,4732,9792
MAMAUSDuHRs,MASCOT SCHOOL  | Dude Perfect,2013-05-07T23:08,https://i.ytimg.com/vi/MAMAUSDuHRs/default.jpg,8922274,56936,1709,32172
M-AFo0mjV_E,NASCAR Trick Shot Battle | Dude Perfect,2013-04-11T21:17,https://i.ytimg.com/vi/M-AFo0mjV_E/default.jpg,19055337,122447,2927,4063
4Hlz1Q7YSeg,Crazy Arena Edition | Dude Perfect,2013-04-04T01:23,https://i.ytimg.com/vi/4Hlz1Q7YSeg/default.jpg,25124137,173044,3458,9131
AqojIuOdJ3k,Wide Receiver Edition | Dude Perfect,2013-03-07T03:08,https://i.ytimg.com/vi/AqojIuOdJ3k/default.jpg,8786069,49186,1371,2600
n58bFRauLL4,Johnny Football Edition | Dude Perfect,2013-01-24T23:56,https://i.ytimg.com/vi/n58bFRauLL4/default.jpg,14773724,70350,2059,5072
AdW7C_3HVjA,BEST of BLOOPERS | Dude Perfect,2012-11-17T17:58,https://i.ytimg.com/vi/AdW7C_3HVjA/default.jpg,30085148,245679,4268,13508
FXLQrJNq-kU,BASEBALL EDITION | Dude Perfect,2012-11-09T03:41,https://i.ytimg.com/vi/FXLQrJNq-kU/default.jpg,15092652,74928,2030,6936
Xy5I7UBYPeI,Epic Trick Shot Battle 2 | Dude Perfect,2012-10-24T01:47,https://i.ytimg.com/vi/Xy5I7UBYPeI/default.jpg,21908368,132449,2691,7511
G665JSzM9ic,Volleyball Trick Shots,2012-08-24T01:58,https://i.ytimg.com/vi/G665JSzM9ic/default.jpg,14634192,127712,3166,2311
bOzQ3CN5La4,Paper Airplane Battle,2012-08-21T23:22,https://i.ytimg.com/vi/bOzQ3CN5La4/default.jpg,72244314,506834,30369,32815
AAgUWWval0w,USA Basketball Trick Shot (Feat. Lebron Kobe Carmelo etc.),2012-08-10T20:03,https://i.ytimg.com/vi/AAgUWWval0w/default.jpg,15021228,108829,3306,3686
TWRzm2c-v4Q,Olympic Trick Shots | Dude Perfect,2012-07-18T17:06,https://i.ytimg.com/vi/TWRzm2c-v4Q/default.jpg,12862224,73103,2345,4259
Tb0r2OLh1P0,Trick Squirts | Dude Perfect,2012-06-26T22:19,https://i.ytimg.com/vi/Tb0r2OLh1P0/default.jpg,5953838,30283,1025,1526
p3o6A49QABM,Wipeout Part 3 | Dude Perfect,2012-04-05T20:20,https://i.ytimg.com/vi/p3o6A49QABM/default.jpg,5957971,25819,676,1073
bQVoygcU1rk,Play the Dude Perfect Game! - Official Trailer,2012-03-02T03:14,https://i.ytimg.com/vi/bQVoygcU1rk/default.jpg,4461885,14452,1039,934
ASXYQigqxgM,Worlds Largest SlingSHOT | EXTENDED EDITION | Dude Perfect,2012-03-02T00:11,https://i.ytimg.com/vi/ASXYQigqxgM/default.jpg,11271858,95325,2050,4774
DzUiVoYJQis,Bow and Arrow Trick Shots | Dude Perfect,2012-01-28T00:37,https://i.ytimg.com/vi/DzUiVoYJQis/default.jpg,12208662,72959,1786,4427
1ww0RzmkDKY,Africa Edition | Dude Perfect,2011-12-10T17:46,https://i.ytimg.com/vi/1ww0RzmkDKY/default.jpg,6566894,118190,1629,9437
W_2eU1ykV3k,Epic Trick Shot Battle | Dude Perfect,2011-10-12T03:03,https://i.ytimg.com/vi/W_2eU1ykV3k/default.jpg,25849533,185105,3468,11042
0n4tqhBd0h4,Trampoline Edition | Dude Perfect,2011-08-27T21:30,https://i.ytimg.com/vi/0n4tqhBd0h4/default.jpg,11940526,60532,1377,4146
mK1PgaalFVY,Wipeout | Part 2 | Dude Perfect,2011-07-23T01:02,https://i.ytimg.com/vi/mK1PgaalFVY/default.jpg,6027259,21844,688,629
0pqjvH9Y3Tg,Epic Football Trick Shots | Dude Perfect,2011-05-09T19:15,https://i.ytimg.com/vi/0pqjvH9Y3Tg/default.jpg,6558382,28798,883,2058
ykjA2N1EeZY,10 Million Point Shot | Dude Perfect,2011-04-12T16:19,https://i.ytimg.com/vi/ykjA2N1EeZY/default.jpg,15498380,83347,3375,5514
5bkJOX6Xa4Q,Dallas Cowboys Edition | Dude Perfect,2011-03-25T03:28,https://i.ytimg.com/vi/5bkJOX6Xa4Q/default.jpg,2640585,11435,270,1165
NqpBZuWE-H8,WORLD RECORD Reliant Stadium Shot | Dude Perfect,2011-03-16T20:55,https://i.ytimg.com/vi/NqpBZuWE-H8/default.jpg,2933821,14050,235,1299
zCqMPJnyihQ,Dude Perfectâ„¢ on Jimmy Kimmel,2011-01-22T19:32,https://i.ytimg.com/vi/zCqMPJnyihQ/default.jpg,2064632,24892,646,1493
AWtabf74daM,Epic Trick Shots | Dude Perfect,2010-11-12T07:13,https://i.ytimg.com/vi/AWtabf74daM/default.jpg,2367960,13070,289,1402
WaF2csswoB0,Wipeout | Part 1 | Dude Perfect,2010-10-29T01:35,https://i.ytimg.com/vi/WaF2csswoB0/default.jpg,11694356,45542,1755,1799
Uu5057uWEpk,Playground Edition | Dude Perfect,2010-09-24T03:01,https://i.ytimg.com/vi/Uu5057uWEpk/default.jpg,4281441,23658,403,2453
840_S6yQb2E,Front Flip Shot w/ Tyreke Evans | Dude Perfect,2010-04-02T22:14,https://i.ytimg.com/vi/840_S6yQb2E/default.jpg,3788027,14110,438,604
qxPBrWZY75U,Dude Perfect Panda | Episode 4,2010-02-26T04:04,https://i.ytimg.com/vi/qxPBrWZY75U/default.jpg,2357102,12137,271,750
cVayU1d1u-A,Dude Perfect Panda | Episode 3,2010-02-17T05:34,https://i.ytimg.com/vi/cVayU1d1u-A/default.jpg,2433574,12002,367,740
nSaPBEJgzn0,Dude Perfect Panda | Episode 2,2010-02-17T03:02,https://i.ytimg.com/vi/nSaPBEJgzn0/default.jpg,2430478,12209,293,697
WlWmwWQaUws,Dude Perfect Panda | Episode 1,2010-02-13T03:32,https://i.ytimg.com/vi/WlWmwWQaUws/default.jpg,3144171,19692,516,883
v9DyLRvYp9A,Worlds Longest Basketball Shot | FIELD VIEW | Dude Perfect,2009-09-18T02:47,https://i.ytimg.com/vi/v9DyLRvYp9A/default.jpg,7439603,12751,437,3446
W77uk1ejcpY,World's Longest Basketball Shot | 3rd DECK VIEW | Dude Perfect,2009-09-18T01:47,https://i.ytimg.com/vi/W77uk1ejcpY/default.jpg,11886907,24374,907,3770
ZDNJxodKrZY,World's Longest Basketball Shot | Dude Perfect,2009-09-18T00:13,https://i.ytimg.com/vi/ZDNJxodKrZY/default.jpg,3720887,11082,243,2062
T4giMyqv0qc,Trick Shot Basketball | Dude Perfect | Summer Camp,2009-08-30T19:00,https://i.ytimg.com/vi/T4giMyqv0qc/default.jpg,20336585,89087,2380,3440
9B1UQ1mcgMg,Ramp Shot | Dude Perfect,2009-08-27T19:28,https://i.ytimg.com/vi/9B1UQ1mcgMg/default.jpg,1883124,11181,223,1040
tQfGvTZPdOw,Golf Shot | Dude Perfect,2009-06-19T22:36,https://i.ytimg.com/vi/tQfGvTZPdOw/default.jpg,3029507,15310,457,1495
jJBmQsIJjx8,Ranch Edition | Dude Perfect,2009-05-08T21:38,https://i.ytimg.com/vi/jJBmQsIJjx8/default.jpg,5069050,31881,551,3463
PD6eQY7yCfw,Dude Perfect | Backyard Edition | Our 1st Video!,2009-04-09T05:42,https://i.ytimg.com/vi/PD6eQY7yCfw/default.jpg,34858827,650991,9756,59659
